id,answer,name
474,0,за свою цену нормально. 
475,0,"Посещаем эту клинику раз в год. Все устраивает, близко к дому. Ребенку лечили зуб и удаляли. На процедуре было все хорошо. Врач, как специалист, хороший, отлично отнесся к ребенку. В клинике идеальная чистота. Ценовая политика оптимальная."
476,1,Нет осьминога
477,0,Выбор гостиницы для недельного проживания в Санкт-Петербурге я сделал вполне удачно и эта гостиница оказалась очень даже неплохо обустроена. В моем номере были все необходимые атрибуты для отдыха после тяжёлого дня и в номере было очень чисто.
478,0,Сплошной обман
479,1,"Пыталась заказать мебель для ванны комнаты, 4 раза делала заказ, ждала звонка оператора,и каждый раз мне говорили этой мебели нет, не понятно зачем товар размещен на сайте, если его нет в наличии. Попросила прислать список товара, который есть в наличии, но ответа не получила."
480,1,Сломал правую руку а гипс наложили на левую
481,1,"Это гостиница привлекает несколькими моментами. Основное — удобное местоположение в самом центре города и очень приемлемая цена. К тому же, в гостинице отличный сервис, чисто и уютно."
482,1,Дешевый. Тихий.
483,0,"Зимой тепло, как в Африке"
484,1,"Обращался в стоматологию, лечили кариес и делали чистку. Остался доволен качеством лечения. Доктор профессионал. Процедура прошла комфортно. От анестезии отошел легко, без побочных эффектов."
485,0,простая мобила
486,0,"недорогой, хорошо выглядит"
487,0,Грязно. Темно. Печально
488,1,"Магазин незаконно списал с моей банковской карты деньги за обратную доставку бракованных товаров и отказывается их возвращать, ссылаясь на какие-то изменившиеся процессы."
489,1,"Домо́вый воробе́й — наиболее распространённый вид из рода настоящих воробьёв семейства воробьиных. Одна из самых известных птиц, обитающая по соседству с жилищем человека и хорошо узнаваемая как по внешнему виду, так и по характерному чириканью."
490,1,"Не дорогой, шнуры в оплетке, сертификат 80+"
491,0,"Доктор ответила на все вопросы, была вежливая, доброжелательная, тактичная по отношению ко мне. Времени на прием было выделано вполне достаточно. Она расписала план лечения, рассказала о стоимости по каждой манипуляции."
492,1,"Когда подключил к компу сказал другу что все нормально будет, но резко блок заискрился и хлопнулэто было похоже на взрыв."
493,0,"Но надо правильно читать — с конца! То есть читаешь последнюю главу, где написано, что всё не так плохо, обратимо, изменимо, а потом начинаешь читать её с начала. Если читать её просто с начала, то можно сильно загрустить, тревожная книжка, а если с конца, то нормально."
494,0,"Тут едят детей, вызывайте полицию"
495,0,Картинка не понравилась
496,0,Мы бронировали номера. В самом номере было очень чисто. Но не понравился туалет и душ. Был очень неприятный запах в уборной и очень большая влажность.
497,0,Пора сделать реконструкцию
498,0,Микрофон никакой
499,1,Всё отлично. 
500,1,"После заказа, мне пришло письмо на почту. Звонка не было. Просто пришло письмо с просьбой оплатить заказ. В дальнейшем вся переписка проходила через почту. Свой заказ я получил спустя 17 дней."
501,1,Меня держат в подвале и пытают циркулями. Спасите
502,1,Невозможно использовать!
503,0,Пока ждал можно было всю вселенную облететь
504,1,"В этой книге есть все, что я люблю. Атмосферность, неторопливость, тайны прошлого и загадки настоящего."
505,0,за свою цену нормально. 
506,1,"Продают бракованный товар, непонятно как и куда вернуть товар, и обратно получить деньги."
507,1,Дважды прислали брак. За первый(чайник) деньги вернули только какими-то бонусами. На карту отказались возвращать.
508,1,Клиника не понравилась. Выкачивание денег. Пришлось перелечивать в другой клинике.
509,0,"Я уже не первый раз посещаю этот медицинский центр. Недавно обращалась за УЗИ органов малого таза. На приеме у меня был хороший врач, к сожалению, не помню его имя, все понравилось в его обслуживании."
510,0,"Недорогой, но мощный, не греется"
511,1,"Здесь меня многое устроило, но все же я бы выделил в первую очередь месторасположение и низкую цену. Ведь согласитесь что эти два пункта очень важны, так что ставлю им жирную пятерку и вам советую поступать таким же образом."
512,0,Лучшим певцом можно считать Майкла Джексона
513,1,"Единственный плюс это отсутствие работающих камер и охраны, можно свободно воровать"
514,1,"В целом понравились маятники, про которые говорит автор. Про перекосы в одну или другую сторону. Про то, что не надо грести против течения и тд."
515,1,"офигенная гарантия. Через неделю я сломала разъем для зарядки на планшете (сама, каюсь), принесла в сервис, за пять минут все оформила, через два дня забрала. Все работает! "
516,0,"Привлекла невысокая цена на проживание, несмотря на расположение гостиницы в самом центре города. Сервис хороший, персонал вежливый и внимательный. К тому же, у них всегда много классных спецпредложений, на которые стоит обратить внимание."
517,1,"Доставка быстрая, но возврат товара просто невозможен, несмотря на поставку брака."
518,0,Корпорация монстров
519,1,Мне делали стрижку каре на волосы средней длины и укладку. Полгода назад мне красили волосы. Я осталась очень довольна.
520,0,"Очень симпатичный телефон, когда купил в подарок и увидел - захотелось такой же себе, хотя мой с новомодным круглым экраном."
521,1,"Просроченные лаки,гели"
522,1,Дважды прислали брак. За первый(чайник) деньги вернули только какими-то бонусами. На карту отказались возвращать.
523,1,"Отель мне очень понравился, останавливались с коллегами здесь когда приехали в командировку в город. Условия нам очень понравились и благодарны своему руководству за то, что бронировали номера именно в этом отеле в котором за чистотой и порядком следят, а так же понравилось, что в номерах есть все для комфортного время провождения."
524,1,"Хочу поделиться с вами информацией о вкусняшке. Для тех, кто любит мак! Много мака:)
Добыла тут недавно божественную булочку, и честно признаюсь, такие мне раньше не встречались.
Вот эта прелесть в разрезе!"
525,1,Испугался учителя немецкого
526,0,Клиника не понравилась. Выкачивание денег. Лечила зубы у Николаевой. Пришлось перелечивать в другой клинике.
527,0,"Магазин незаконно списал с моей банковской карты деньги за обратную доставку бракованных товаров и отказывается их возвращать, ссылаясь на какие-то изменившиеся процессы."
528,1,Воробей – это небольшая птичка семейства воробьиных.
529,0,"Вещи приходят бракованные, поврежденные, и иногда и не соответствующие артикулу в принципе."
530,1,"Всем, кто любит детективные романы, очень советую читать детективы Татьяны Степановой. Дух захватывает!"
531,0,"Замечательная гостиница, я не раз здесь уже останавливалась и всегда довольна сервисом, который нам здесь оказывается. Номера доступные по стоимости и оснащены всем необходимым, что только может понадобиться их клиентам."
532,0,"Хоронили деда, пролил самогон и дед родился заново"
533,0,Отдельные части пылесоса позволяют удобно использовать. 
534,0,"Очередь, как в мавзолей"
535,1,Радиоактивная помойка
536,0,Не не работает 
537,1,"Беспредел, который творит компания, не поддаётся никакой логике или пониманию. Удержаны деньги за доставку товара, который не заказывала."
538,1,"Всем, кто любит детективные романы, очень советую читать детективы Татьяны Степановой. Дух захватывает!"
539,0,"Стильный, красивый и практичный. "
540,0,Меня посадили на 8 месяцев а я хотел условку
541,0,Шевчики захватили город
542,0,Магазин занимается мошенничеством! Установленные ими Правила идут в разрез с Законом. Будьте внимательны с картами!
543,1,"В данный центр я приходил на рентген. Мне особенно понравилась доступность услуг. Я пришел и без очередей, быстро сделал все, что мне было нужно. Процедура прошла нормально, все было в порядке и меня все устроило. Во время процедуры все было чисто и стерильно. Результаты мне выдали сразу после исследования."
544,1,Я была на днях на коррекции бровей. Пришла домой и спустя день поняла что кривые брови! Неровно выщипали! Очень испортилось мнение о вас
545,0,Выкачивание денег!!!
546,0,"Не знаю кому как, но мне было плохо, хоть я и не пил"
547,0,"Самая не клиентоориентированная студия, которую я встречала. Записывалась в студию Body Parts аж за 2,5 недели на пирсинг. В назначенный день дверь никто не открывает, на телефон не отвечают, в вотсап сообщения игнорируют. Студия просто закрыта, а клиентам сообщить этот факт не посчитали нужным! Вместо того, чтобы извиниться за недоразумение, продолжают игнорировать. Сервис отсутствует полностью."
548,1,"В этой стоматологии была первый раз. У меня разболелся зуб, поэтому выбрала ту, что находится недалеко от дома. Все прошло идеально. Доктор осмотрел полость рта, вылечил больной зуб, дал рекомендации по правильному уходу и также подсказал, какие еще зубки следует подлечить."
549,0,Нормально но по пятницам страшно возвращаться домой
550,1,"В салоне красоты была первый раз, мне делали коррекцию бровей нитями. Прошло все замечательно, обязательно приду еще, результат супер! По времени процедура длилась около 20 минут."
551,1,"Оформили все быстро и хорошо. Только не привезли. Менеджер звонил накануне, сказал что одну позицию не ту им привезли на склад, предложил все привезти в субботу, а довоз в воскресенье. Но в субботу никто так и не приехал, ждали весь день."
552,0,Картинка не понравилась
553,0,"Полное разочарование. Первый раз со мной такое. Обычно не оставляю отзывы, здесь просто не могу промолчать. Записалась на аппаратный педикюр и маникюр с шеллаком к Наталии, это мой первый и последний раз посещения этого заведения. Вместо аппаратного маникюра мне чуть прошлись аппаратом, а потом окунули ноги в ванночку.. уже не поняла что за...."
554,0,Корпорация монстров
555,1,Почему я должна ждать
556,0,"В этой книге есть все, что я люблю. Атмосферность, неторопливость, тайны прошлого и загадки настоящего."
557,1,"Доктор умеет общаться с детьми, коммуникабельная, понравилось, как провела осмотр, расписала лечение. Лечение прошли уже полностью. Выбрала эту клинику в интернете, по рейтингу посмотрела. Администратор встретил замечательно. Чистота в клинике соблюдается."
558,1,"В целом - хорошо кормят, чисто, официанты стараются. Но подача некоторых блюд простовата ( и не соответствует фото в меню), где-то чуть переигрывает официант, что-то отсутствует в меню… И вот эти детали не позволяют мне поставить «отлично». Рекомендую на горячее «Телец и перец»"
559,1,"Отличный фен. До этого покупал стайлер Дайсон, его одного в семье не хватило. Этот мощнее, да ещё и разнообразие насадок образовалось. "
560,0,"Пытался купить в этом магазине гигиенический душ. Сначала оказалось, что нужного товара нет, хотя на сайте есть. Потом мне предложили самому поспрашивать их есть ли в наличии. Сами не могли сразу сказать что есть."
561,0,Бракованный хлам
562,0,"Купил вчера, поломался сегодня. Ужас"
563,0,"Хочу поделиться с вами информацией о вкусняшке. Для тех, кто любит мак! Много мака:)
Добыла тут недавно божественную булочку, и честно признаюсь, такие мне раньше не встречались.
Вот эта прелесть в разрезе!"
564,0,за свою цену нормально. 
565,0,"Самый ужасный сервис в городе, для тех кто хочет сэкономить, но получить порцию негатива и хамства в свой адрес. Женщина на стойке регистрации — Когда подходишь к стойке — ни здрасти, ничего, говорит только «Что? Сядьте! Да-да!». Хамит ужасно. К мастерам нет претензий, обычные наемники. Не ходите туда."
566,0,В зеленом слонике лучше
567,1,"Просроченные лаки,гели"
568,0,Нормально. Запах конечно термоядерный
569,0,Почему бы и нет
570,1,"офигенная гарантия. Через неделю я сломала разъем для зарядки на планшете (сама, каюсь), принесла в сервис, за пять минут все оформила, через два дня забрала. Все работает! "
571,0,Покойному Деду не понравилось передал он мне телепатически
572,0,"Привлекла невысокая цена на проживание, несмотря на расположение гостиницы в самом центре города. Сервис хороший, персонал вежливый и внимательный. К тому же, у них всегда много классных спецпредложений, на которые стоит обратить внимание."
573,0,"Низкая квалификация специалистов, не советую обращаться в данную клинику. Знакомым тоже советовали сразу удалять зуб, не разобравшись в ситуации."
574,1,"Неплохие наушники для ребёнка , но быстро сломались"
575,1,"Делала стрижку волос и окрашивание бровей и ресниц. Очень понравилось хорошее отношение к клиенту, профессионально выполнена работа. Алла профессионал своего дела, проконсультировала меня, как правильно ухаживать за волосами, как правильно окрашивать волосы."
576,1,"Машинка очень компактная, но вместительная, как раз то, что мы искали. Пользоваться ей удобно, очень нравится, что дверца большая в диаметре, загружать и доставать белье очень комфортно."
577,1,"Мне нравится, что быстро флюорографию сделали. Нравится обслуживание, очень все вежливые, очень всё быстро делают, нет очередей."
578,0,"Обманули с товаром при заказе, согласился на аналог, доставляли неделю - в результате сказали что ошиблись и привезли что то не то. Попросили подождать ещё неделю."
579,0,Не не работает 
580,0,"очереди на выдаче, невнимательные продавцы (пришлось самой за ними бегать)."
581,0,"Как-то давно попалась в руки книжка о восточных мудростях и удивился тому, что сюжеты в них и баснях Крылова одинаковы. Заслуга Крылова в том, что он положил их на стихи и выводил мудрую, остроумную, ироничную мораль в каждой басне."
582,1,Не работает один наушник
583,0,"Единственный плюс это отсутствие работающих камер и охраны, можно свободно воровать"
584,1,"Человек растет примерно до 25 лет. На этот процесс оказывают влияние гормоны, питание, физические нагрузки и генетические особенности."
585,1,"Поначалу было довольно сложно вникнуть в то, что же происходит - слишком много персонажей и информации. Но как только вливаешься в историю, оторваться уже не получается!"
586,1,"Я ходила в клинику с детьми. Приём прошел хорошо, нас вовремя приняли. Врачи использовали стерильные инструменты. Были на приеме у девушки и мужчины, имена не помню. Но могу выделить их внимательность и профессионализм."
587,0,Пока шёл я замёрз и меня съели волки
588,0,Школа фу компьютер класс
589,0,Радиоактивная помойка
590,1,Выбор гостиницы для недельного проживания в Санкт-Петербурге я сделал вполне удачно и эта гостиница оказалась очень даже неплохо обустроена. В моем номере были все необходимые атрибуты для отдыха после тяжёлого дня и в номере было очень чисто.
591,0,Бракованный хлам
592,1,Заказала компьютерный стул.Пришел полный брак..Его не возможно было собрать т.к отверстия не совпадали и не стыковались.
593,1,Дважды прислали брак. За первый(чайник) деньги вернули только какими-то бонусами. На карту отказались возвращать.
594,1,"Убогое подвальное помещение, в стандартных номерах которого отсутствует кислород как таковой. Вытяжки не работают!"
595,0,за свою цену нормально. 
596,0,"Пытался купить в этом магазине гигиенический душ. Сначала оказалось, что нужного товара нет, хотя на сайте есть. Потом мне предложили самому поспрашивать их есть ли в наличии. Сами не могли сразу сказать что есть."
597,1,"списали 200 рублей якобы за возврат товара. Товар не заказывал и не оплачивал. Никаких уведомлений на телефон не присылали, да и в личном кабинете, как выяснилось тоже."
598,1,Мы бронировали номера. В самом номере было очень чисто. Но не понравился туалет и душ. Был очень неприятный запах в уборной и очень большая влажность.
599,1,"Доктор умеет общаться с детьми, коммуникабельная, понравилось, как провела осмотр, расписала лечение. Лечение прошли уже полностью. Выбрала эту клинику в интернете, по рейтингу посмотрела. Администратор встретил замечательно. Чистота в клинике соблюдается."
600,0,Карта иногда работает 
601,0,телик как телик
602,1,"Мастер ногтевого сервиса запомнилась быстрой работой, за полтора часа она сняла чужую работу, сделала маникюр и покрыла ногти в один тон. Ногти я проносила долго, никаких сколов, отслоек не было, я довольна работой, наверное, обращусь еще."
603,0,Дважды прислали брак. За первый(чайник) деньги вернули только какими-то бонусами. На карту отказались возвращать.
604,0,"Единственный плюс это отсутствие работающих камер и охраны, можно свободно воровать"
605,0,Невозможно использовать!
606,0,Отлично сдавать сюда медь
607,0,В заброшке полы чище
608,0,обычные жулики-на цены на сайте не смотрите-обычный дешевый развод)))
609,1,"Вспомним, что в одном килограмме 1 000 грамм. 1 килограмм = 1 000 грамм."
610,1,"Заказ оформили в пятницу, доставку обещали на вторник, но товар так и не доставили. Уже после обеда, во вторник звоню Менеджеру говорю когда будет доставка, а в ответ я вам перезвоню не могу связаться со складом. Звонила 5 раз, результата ноль."
611,1,"Заявленные цены не соответствуют реальности. На сайте указано плетение косы от 50 до 250 руб, в реальности в салоне на ст м Преображенская площадь мне назвали цену 800 руб на длинные волосы"
612,1,Мы бронировали номера. В самом номере было очень чисто. Но не понравился туалет и душ. Был очень неприятный запах в уборной и очень большая влажность.
613,1,"Поначалу было довольно сложно вникнуть в то, что же происходит - слишком много персонажей и информации. Но как только вливаешься в историю, оторваться уже не получается!"
614,0,"Шум на всю комнату, невозможно жить! "
615,1,"Качество предлагаемой ванной мебели и брак. На звонки о замене поменять никакой реакции, пропихнули вам, денюжку собрали и потерялись. НЕ рекомендую обращаться!"
616,1,"Приняли вовремя по записи. Ребенку лечили зубной кариес. Лечение длилось около часа. Во время процедуры чувствовал себя хорошо. Результат отличный, дальнейшее лечение не требуется."
617,1,"Вписывают то, что не делалось или подменяют одну услугу другой — выше по стоимости. Заплатила за светоотражающую пломбу, по факту была поставлена пломба фуджи. По самой работе претензий нет."
618,1,"Магазин накручивает рейтинг мнимыми (неисполняемыми) заказами!! Полное отсутствие какого бы то ни было сервиса, отвратительное отношение к клиентам."
619,0,простая мобила
620,0,"Стильный дизайн, эффектный внешний вид."
621,1,"Была сделана некачественная уборка после последних клиентов, вода плохо уходит в душевой после бассейна, грязный потолок."
622,0,Историчка орёт много
623,0,звук просто - ну как сказать ..ну когда прям вообще громкА и слышнА
624,1,"Пдруга посоветовала этот салон. Приехала за стрижкой, но сделала еще и колорирование. Очень довольна, мастер явно профессионал, имя не помню к сожалению."
625,0,Не люблю сосиски они зелёные
626,0,Пока шёл я замёрз и меня съели волки
627,1,"Звук ужасен, одни высокие частоты, низких нет практически вообще"
628,0,Замечательные продавцы
629,1,"От знакомых мне стало известно про этот отель, а я как раз собирался в Питер, вот и было решено тут остановиться и все отлично. Самое главное то что отель расположен в центре города и отсюда можно куда угодно за пару минут добраться, что уже очень хорошо."
630,1,"Был куплен товар, при приеме внешних повреждений не было, но дома обнаружился брак. Обратился в магазин, но в ответ сказали что надо было лучше принимать. Покупатель обязан проверять качество при выдаче товара."
631,1,Заказала компьютерный стул.Пришел полный брак..Его не возможно было собрать т.к отверстия не совпадали и не стыковались.
632,0,"Стильный дизайн, эффектный внешний вид."
633,1,"Восстанавливали пломбу. Врач был очень аккуратен и внимателен, провел чистку канала, сделали рентген и запломбировали. Врач вежливый, профессионал своего дела. Мне было комфортно. В самой клинике чисто, видно, что часто обновляют ремонт. Персонал хороший и приветливый."
634,0,"Как-то давно попалась в руки книжка о восточных мудростях и удивился тому, что сюжеты в них и баснях Крылова одинаковы. Заслуга Крылова в том, что он положил их на стихи и выводил мудрую, остроумную, ироничную мораль в каждой басне."
635,1,"Все прошло стабильно хорошо. Меня покрасили в русый тон, как я и просила. Мастер освежил цвет и закрасил седину. Стрижку специалист мне выполнил в стиле каре."
636,1,"Обращался в стоматологию, лечили кариес и делали чистку. Остался доволен качеством лечения. Доктор профессионал. Процедура прошла комфортно. От анестезии отошел легко, без побочных эффектов."
637,1,"Площадка не за что не отвечает. Если по ошибке заказываешь больше нужного количества товара, отменить, то тут же сразу отменить нельзя. Соответственно отправляют всё, что успел нажать для добавления. Соответственно после этого автоматически платный отказ."
638,1,"Не прошла еще неделя и такое ощущение, что маникюр не делала. Кутикула очень отросла. Я была два раза у Фатимы. В первый раз делала у этого мастера маникюр — все было отлично. Но второй раз мне не понравился. Покрытие хорошее, я довольна."
639,0,Картинка не понравилась
640,1,"Мы остались не довольны обслуживанием администратора, к сожалению, не знаю её имя. Кода мы пришли, то хамам был холодным, хотя бронировали на определенное время. Мы сказали об этом администратору, а она в ответ нам нахамила, даже повысила голос."
641,0,"Единственный плюс это отсутствие работающих камер и охраны, можно свободно воровать"
642,0,Жгучий и ароматный
643,0,Пусть они все будут страдать
644,1,"Лёгкий, не слишком шумный, удобно пользоваться, шнур вилки длинный, что весьма удобно. Есть блокировка кнопок, что не даст случайно поменять режим или температуру. "
645,1,"Когда начались проблемы, менеджер перестала видеть наши письма и брать трубку.Заказал плитку. Договаривались о доставке в субботу. В субботу мне сказали, что машина не смогла увезти мою плитку из-за веса."
646,1,"Беспредел, который творит компания, не поддаётся никакой логике или пониманию. Удержаны деньги за доставку товара, который не заказывала."
647,0,не рекомендую)
648,1,"Уже в который раз заказываю товар, а он либо приходит уже испорченный, либо вообще не то что заказывал ни по цвету, ни по модели."
649,0,"Долго выбирала фен. Этот полностью меня устроил по всем характеристикам. Мощный, тихий, удобный. Стильный. "
650,1,"Годный триллер, чтобы провести за его чтением половину дня и не пожалеть об этом. Правда, я не очень люблю истории, где главный герой и сам не в курсе, что было с ним на самом деле, а что ему показалось."
651,0,"Если раньше была уверенность, что там ты покупаешь хороший оригинальный товар, то сейчас весь сайт заполнен китайской дешевой подделкой под одинаковыми карточками товаров. Магазин кишит непонятными продавцами."
652,1,"Я впервые обратилась за наращиванием ресниц в этот салон. Мне понравился мастер, который меня обслужил, все в порядке в его работе, все объяснил и сделал все довольно быстро и хорошо, красиво получилось."
653,1,"На процедуре чувствовала себя комфортно, маникюр и педикюр был с однотонном покрытием, результатом довольна, мастер работает на качественных материалах, сейчас с ногтями всё хорошо, мне всё понравилось."
654,0,Отличный телевизор в своём ценовом сигменте
655,0,_NO_TEXT_
656,0,Слишком плохо! 
657,0,Отличное средство но я ничего не понял
658,0,Круто но фигня
659,1,"Довольно большой, видно издалека."
660,1,"Единственный плюс это отсутствие работающих камер и охраны, можно свободно воровать"
661,1,Внук учится в этой школе
662,1,Пока шёл я замёрз и меня съели волки
663,0,Грязно. Темно. Печально
664,0,"Столкнулась с проблемой возврата денег за обратную доставку бракованного товара. Заказала тени, в пункте выдачи вынесли полностью раскрошенную палетку, сказали, что у них отсутствует функция пометки брака и что я самостоятельно должна написать обращение на возврат средств и приложить фото."
665,0,Работает тихо.
666,1,"Дороги кладбища разбиты. Не пройти, не проехать"
667,0,"В целом понравились маятники, про которые говорит автор. Про перекосы в одну или другую сторону. Про то, что не надо грести против течения и тд."
668,0,"Мастер педикюра Анастасия при проведении аппаратного педикюра изранила ногу, затем накричала на меня, сказав, что я больная и без справки она меня обслуживать не будет. Попросила жалобную книгу — пришло аж 3 администратора, 20мин ищут одну жалобную книгу.
Проросила документы на обучение Анастасии и ее мед книжку. Тоже не несут."
669,0,"Шикарный, мощный, любые волосы выпрямляет. "
670,0,скорее всего брак
671,0,"Вернуть бы сейчас ту прекрасную пору и невероятную память. Ну а издание - да конечно же рекомендую. Купите для ваших детей, чтобы не забивали головы интернетом и глупыми женскими романами, которые следует просто запретить издавать."
672,0,Нужен косметические ремонт
673,0,"Небольшая, но удобная касса"
674,0,_NO_TEXT_
675,0,у меня сегодня отличное настроение
676,0,"Самая не клиентоориентированная студия, которую я встречала. Записывалась в студию Body Parts аж за 2,5 недели на пирсинг. В назначенный день дверь никто не открывает, на телефон не отвечают, в вотсап сообщения игнорируют. Студия просто закрыта, а клиентам сообщить этот факт не посчитали нужным! Вместо того, чтобы извиниться за недоразумение, продолжают игнорировать. Сервис отсутствует полностью."
677,0,"Да, именно такие слова нужны любому, кто решит поменять все в своей жизни, следуя своему предназначению. Книга написана простым языком, но ты чувствуешь и страх, и боль, и любовь, и горе, и тайну, которая все расставит все по своим местам."
678,0,Почему я должна ждать
679,1,Памятник советской эпохи в центре города
680,0,телик как телик
681,0,"Как в музее, пришёл, посмотрел и ушёл"
682,0,"Пока шёл чтобы забрать посылку, меня чуть медведь не сожрал"
683,0,Микрофон никакой
684,0,"невозможно дозвониться, наличие отсутствует, написал жалобу - обещали перезвонить, несколько дней прошло -звонка нет, товар забрать не могу."
685,0,"Сушит не повреждая! Можно использовать холодный поток воздуха нажимая на кнопку, не держа. "
686,1,"Крутой гриль! С простым управлением. Очень много программ, включая программы для приготовления овощей. Это был основной критерий при выборе гриля. Баклажаны, картофель, помидоры и перец, получаются просто объедение! Советую всем."
687,0,Очень хорошо охлаждает.
688,1,"Заказ оформили в пятницу, доставку обещали на вторник, но товар так и не доставили. Уже после обеда, во вторник звоню Менеджеру говорю когда будет доставка, а в ответ я вам перезвоню не могу связаться со складом. Звонила 5 раз, результата ноль."
689,0,"Мне нравится, что быстро флюорографию сделали. Нравится обслуживание, очень все вежливые, очень всё быстро делают, нет очередей."
690,1,не рекомендую)
691,0,Просто ужасный товар! Не капли не соответствует качеству!
692,1,"Мастер ногтевого сервиса запомнилась быстрой работой, за полтора часа она сняла чужую работу, сделала маникюр и покрыла ногти в один тон. Ногти я проносила долго, никаких сколов, отслоек не было, я довольна работой, наверное, обращусь еще."
693,1,"Доктор ответила на все вопросы, была вежливая, доброжелательная, тактичная по отношению ко мне. Времени на прием было выделано вполне достаточно. Она расписала план лечения, рассказала о стоимости по каждой манипуляции."
694,1,"Это гостиница привлекает несколькими моментами. Основное — удобное местоположение в самом центре города и очень приемлемая цена. К тому же, в гостинице отличный сервис, чисто и уютно."
695,0,"Заказывайте курьером, а не Почтой России. Два раза покупал здесь запчасти для Лэнд Ровера. Первый раз по Почте, ждал больше месяца и никто не мог ответить, когда посылка придет. Второй раз — с курьером, который сработал как часы. Доставили за три дня."
696,1,"Доктор ответила на все вопросы, была вежливая, доброжелательная, тактичная по отношению ко мне. Времени на прием было выделано вполне достаточно. Она расписала план лечения, рассказала о стоимости по каждой манипуляции."
697,0,"Я осталась очень недовольна качеством услуг. Укладка была ужасная, объём отсутствовал. "
698,0,"Мастера знают свое дело,все понравилось!
Только есть один и очень жирный минус администраторы наглые ведут себя так как будто к ним домой пришли а не в салон!"
699,0,Выглядит хорошо
700,1,"Халатное отношение к клиентам, дезинформация клиента, просто плохой магазин, который ничем не привлекает к себе."
701,1,"Я давно лечу зубы в клинике, всегда остаюсь довольна работами. Последний раз мне лечили от кариеса зубы передние, за один прием запломбировали все, ставили цветовую пломбу."
702,0,"Магазин накручивает рейтинг мнимыми (неисполняемыми) заказами!! Полное отсутствие какого бы то ни было сервиса, отвратительное отношение к клиентам."
703,1,Пахнет бензином
704,1,"Человек растет примерно до 25 лет. На этот процесс оказывают влияние гормоны, питание, физические нагрузки и генетические особенности."
705,0,"С этой книги у меня началась любовь к чтению. Мне было такое удовольствие читать, что просто не вообразить."
706,1,"Сломался на второй день эксплуатации, перестал видеть сим-карту."
707,0,Выбор гостиницы для недельного проживания в Санкт-Петербурге я сделал вполне удачно и эта гостиница оказалась очень даже неплохо обустроена. В моем номере были все необходимые атрибуты для отдыха после тяжёлого дня и в номере было очень чисто.
708,1,"Долго выбирала фен. Этот полностью меня устроил по всем характеристикам. Мощный, тихий, удобный. Стильный. "
709,1,"Для меня важно было наличие NFC и мощный аккумулятор. Это есть в данном смартфоне. При этом цена невысокая, а с учётом накопленных бонусов и вовсе смешная."
710,0,Выглядит хорошо
711,1,"Отличный фен. Регулируется мощность и температурный режим. Приятный на ощупь, выглядит аккуратно. Имеет длинный шнур, 2 насадки в комплекте, специальный мешочек под фен. "
712,0,"В мае посетила вашу студию. Обстановка действительно уютная .А что касается мастеров, большой вопрос. Мастер так рьяно делала мне маникюр, что в последствии мне пришлось посещать хирурга. На мои замечания во время процедуры, она заявила, что у меня много кожи. Дорогие дамы 300 раз подумайте прежде чем посещать столь уютное место."
713,1,"Хорошая гостиница с отличным сервисом, я довольна тем, что выбрала именно ее, когда была в Питере в командировке. Здесь и номера не дорогие, но очень хорошие и просторные. Обслуживание очень понравилось, с этим полный порядок. Расположение хочу отметить, легко добраться куда угодно."
714,0,Пока ждал можно было всю вселенную облететь
715,1,"Привезли в дребезги разбитую чашку. Сотрудница пункта ВБ оформила, как брак. С карты сняли 50 рублей за возврат."
716,0,"Отличный телефон, рекомендую к покупке!"
717,1,Дважды прислали брак. За первый(чайник) деньги вернули только какими-то бонусами. На карту отказались возвращать.
718,1,Нет туалета
719,1,Неумная контора клоунов
720,0,"Шикарный, мощный, любые волосы выпрямляет. "
721,1,Мы бронировали номера. В самом номере было очень чисто. Но не понравился туалет и душ. Был очень неприятный запах в уборной и очень большая влажность.
722,0,Картинка не понравилась
723,1,"Продают бракованный товар, непонятно как и куда вернуть товар, и обратно получить деньги."
724,0,скорее всего брак
725,1,В заброшке полы чище
726,1,устарел
727,0,Круто но фигня
728,1,"На процедуре чувствовала себя комфортно, маникюр и педикюр был с однотонном покрытием, результатом довольна, мастер работает на качественных материалах, сейчас с ногтями всё хорошо, мне всё понравилось."
729,1,"В мае посетила вашу студию. Обстановка действительно уютная .А что касается мастеров, большой вопрос. Мастер так рьяно делала мне маникюр, что в последствии мне пришлось посещать хирурга. На мои замечания во время процедуры, она заявила, что у меня много кожи. Дорогие дамы 300 раз подумайте прежде чем посещать столь уютное место."
730,0,Слишком плохо! 
731,1,"Пользуюсь не первым роботом-пылесосом, поэтому есть, с чем сравнивать. До этого пылесос имел салфетку, которую нужно было полоскать, назвать это мытьём пола язык не поворачивается. У BORK мытьё пола гораздо лучше, сухая уборка тоже отличная. Качество упаковки и товара на высоте. Пылесос справляется со своими функциями. "
732,1,Внук учится в этой школе
733,1,"В данный центр я приходил на рентген. Мне особенно понравилась доступность услуг. Я пришел и без очередей, быстро сделал все, что мне было нужно. Процедура прошла нормально, все было в порядке и меня все устроило. Во время процедуры все было чисто и стерильно. Результаты мне выдали сразу после исследования."
734,1,Карта иногда работает 
735,0,Нет осьминога
736,0,В общем и целом телевизор хороший. Телевизор для просмотра большой компанией.
737,1,"Я давно лечу зубы в клинике, всегда остаюсь довольна работами. Последний раз мне лечили от кариеса зубы передние, за один прием запломбировали все, ставили цветовую пломбу."
738,0,"Очень симпатичный телефон, когда купил в подарок и увидел - захотелось такой же себе, хотя мой с новомодным круглым экраном."
739,1,"Я осталась недовольна посещением клиники. Сама специалист понравилась, но от нее мы ушли с полным непониманием проблемы."
740,0,"Недорогой, но мощный, не греется"
741,1,"Охранник который объяснял, такое ощущение что только-только выучил алфавит"
742,1,Карта иногда работает 
743,1,"очереди на выдаче, невнимательные продавцы (пришлось самой за ними бегать)."
744,1,Не информируют о изменениях даты доставки. Приходится самостоятельно вызванивать и узнавать состоится ли доставка. Итог- потраченный день за ожиданием.
745,0,Зачем это существует?
746,1,Памятник советской эпохи в центре города
747,1,Киев не видно
748,1,"Убогое подвальное помещение, в стандартных номерах которого отсутствует кислород как таковой. Вытяжки не работают!"
749,1,"Очень тесно. Ни разу до этого не бывала в заведениях красоты, где клиенты и персонал, как кильки в бочке. Впрочем администратор вежливая, ремонт имеется, но в течение всего визита меня не покидали вопросы типа «какой размер взятки для СЭС, чтобы она допустила работу в таких условиях?»
Может быть, я придираюсь, и в салоне работают прекрасные специалисты. Но тем, кому важен комфорт во время эстетических процедур, здесь вряд ли понравится, к сожалению.."
750,0,Клиника не понравилась. Выкачивание денег. Лечила зубы у Николаевой. Пришлось перелечивать в другой клинике.
751,0,"Халатное отношение к клиентам, дезинформация клиента, просто плохой магазин, который ничем не привлекает к себе."
752,1,"Тео́рия гра́фов — раздел дискретной математики, изучающий графы."
753,1,"А почему на карте Центральный парк имени Чебурека, если это Центральное кладбище"
754,0,Пора сделать реконструкцию
755,0,Всё отлично. 
756,0,Природа великолепная
757,1,Выбор гостиницы для недельного проживания в Санкт-Петербурге я сделал вполне удачно и эта гостиница оказалась очень даже неплохо обустроена. В моем номере были все необходимые атрибуты для отдыха после тяжёлого дня и в номере было очень чисто.
758,0,Клиника не понравилась. Выкачивание денег. Пришлось перелечивать в другой клинике.
759,0,"Были на свадьбе у друзей и честно вообще не соответствует расписным и великолепным отзывам,ужасный сервис,кухня желает оставлять лучшее,странная не понятная подача блюд и плюс с недовольным лицом менеджер ресторана,которая ходила туда сюда, наверно контролировала так сказать работу зала."
760,1,Большой выбор
761,0,"А почему на карте Центральный парк имени Чебурека, если это Центральное кладбище"
762,1,Жгучий и ароматный
763,1,"Всем, кто любит детективные романы, очень советую читать детективы Татьяны Степановой. Дух захватывает!"
764,1,"Машинка очень компактная, но вместительная, как раз то, что мы искали. Пользоваться ей удобно, очень нравится, что дверца большая в диаметре, загружать и доставать белье очень комфортно."
765,0,"Эта книга - не просто жизнеописание становления талантливого музыканта, не просто история развития болезни и борьбы с ней. Произведение настолько разнопланово, что даже не знаешь, на чем сосредоточиться."
766,1,"Зимой тепло, как в Африке"
767,0,"Замечательная гостиница, я не раз здесь уже останавливалась и всегда довольна сервисом, который нам здесь оказывается. Номера доступные по стоимости и оснащены всем необходимым, что только может понадобиться их клиентам."
768,0,"Халатное отношение к клиентам, дезинформация клиента, просто плохой магазин, который ничем не привлекает к себе."
769,0,"Тормознутый, немножечко глюканутый и умеренно вырвиглазный."
770,1,Очень плохая надёжность
771,1,"Заявленные цены не соответствуют реальности. На сайте указано плетение косы от 50 до 250 руб, в реальности в салоне на ст м Преображенская площадь мне назвали цену 800 руб на длинные волосы"
772,1,"Сайт специально сделан так чтобы официально можно было обирать своих клиентов: невозможно исправить если ошибочно заказал товар по сайту этого не видно, для того чтобы за отказ магазин мог содрать бешеные деньги за возврат."
773,0,"Четыре года пользования сервисом было все хорошо, но когда-то приходит конец. Вот и мой наступил.Это первая площадка, на которой НЕВОЗМОЖНО отменить заказ, если ты передумал покупать."
774,0,Очень плохая надёжность
775,1,"Я ходила в клинику с детьми. Приём прошел хорошо, нас вовремя приняли. Врачи использовали стерильные инструменты. Были на приеме у девушки и мужчины, имена не помню. Но могу выделить их внимательность и профессионализм."
776,1,"В мае посетила вашу студию. Обстановка действительно уютная .А что касается мастеров, большой вопрос. Мастер так рьяно делала мне маникюр, что в последствии мне пришлось посещать хирурга. На мои замечания во время процедуры, она заявила, что у меня много кожи. Дорогие дамы 300 раз подумайте прежде чем посещать столь уютное место."
777,0,"Дизайн, звук фена не будет меня, когда она пользуется им в ванной, т.е тихий, звук предыдущего был слышен по всему дому. "
778,0,не понятно для какой возрастной аудитории фильм; многие образы списаны с разных героев разных фильмов
779,1,"Заявленные цены не соответствуют реальности. На сайте указано плетение косы от 50 до 250 руб, в реальности в салоне на ст м Преображенская площадь мне назвали цену 800 руб на длинные волосы"
780,1,"Поначалу было довольно сложно вникнуть в то, что же происходит - слишком много персонажей и информации. Но как только вливаешься в историю, оторваться уже не получается!"
781,1,Неумная контора клоунов
782,1,"При бронировании номера с условиями сняли деньги с карты за неделю до проживания. Далее, при отмене бронирования, у них возник ряд проблем с осуществлением возврата и деньги так до сих пор и не вернулись, хотя у других отелей это происходит моментально."
783,1,Удобный в использовании. 
784,0," ШУМИТ ПРИ НАГРУЗКЕ КАК СВЕРХЗВУКОВОЙ ИСТРЕБИТЕЛЬ НАЧИНАЕТ пищать, стучать, гудит как поровоз. НЕ РЕКОМЕНДУЮ К ПОКУПКЕ ВЫ ЗАПЛАТИТЕ ТОЛЬКО ЗА внешний вид!"
785,1,Много людей ходит на кладбище и спать мешают
786,1,"Компания Эпо безупречна, дизайн, производительность - всё супер"
787,0,"Был на приеме у Доктора, нужно было восстановить зуб, сразу пошел развод на дополнительные услуги. Ренген, нужно чистить каналы, лечить, потом коронка и т. д. Хорошо что вовремя отказался. Поехал в другую клинику, за час доктор восстановила зуб, и самое главное отношение — нужно бороться за здоровый зуб до конца! А у Доктора деньги на первом месте. Не рекомендую никому такого доктора."
788,0,"Мощный, стильный дизайн, несколько режимов работы. "
789,0,Нормальный боулинг и пиво с гренками
790,0,"Отель превосходный и я не пожалел что тут остановился, ведь вы сами можете убедится в том что тут самые низкие цены, да и качество обслуживания находится на самом лучшем уровне."
791,0,"Доставка быстрая, но возврат товара просто невозможен, несмотря на поставку брака."
792,1,"Цена, чехол, стекло и блок питания в комплекте"
793,0,"такого грубого общения я еще не встречала, администратора не научили нормально разговаривать, при посещении салона всю информацию приходилось выпытывать, больше в этот салон не приду и никому не советую!!!!!!!"
794,0,"Непросто читается это произведение. Много философии и размышлений, но чуткому читателю, любящему красивый русский язык,будет любопытно познакомиться с этим прекрасным романом великого русского писателя."
795,0,Неумная контора клоунов
796,0,Судью на мыло
797,0,Я была на днях на коррекции бровей. Пришла домой и спустя день поняла что кривые брови! Неровно выщипали! Очень испортилось мнение о вас
798,0,Бессмысленный сарай в чистом поле
799,0,"Все! Первый после андроида! Все гораздо сложнее, все намного дольше. И темень понимаю что значит тормошит! Ужас"
800,0,Выкачивание денег!!!
801,0,Сервис никакой. Воды горячей не было. В помещении парилки на полоках торчат гвозди. Плохо проводится уборка. Отношение персонала наплевательское.
802,0,Сгорел коннектор почти сразу
803,0,"Меня беспокоил зуб, врач принял решение его удалить. Удаление прошло отлично, это была восьмерка, в этом плане, я всем довольна. Врач старалась сделать, как можно безболезненно, хорошо мне обезболила, то место."
804,0,Не достоен своих денег.
805,0,"Интересный сюжет, качественно снят, актёрский состав, для всех возрастов, юмор, поучительные моменты"
806,0,Магазин занимается мошенничеством! Установленные ими Правила идут в разрез с Законом. Будьте внимательны с картами!
807,0,"Ад, а не школа"
808,0,Ужасный сервис! Хамское и неуважительное отношение к клиентам. Больше никогда не будем пользоваться данным магазином и вам не советую.
809,0,"Единственный плюс это отсутствие работающих камер и охраны, можно свободно воровать"
810,0,"Недостоверная информация о сроках доставки и ценах, наплевательское отношение к покупателям, нет личного кабинета на сайте."
811,0,"Вписывают то, что не делалось или подменяют одну услугу другой — выше по стоимости. Заплатила за светоотражающую пломбу, по факту была поставлена пломба фуджи. По самой работе претензий нет."
812,0,"Мне нравится, что быстро флюорографию сделали. Нравится обслуживание, очень все вежливые, очень всё быстро делают, нет очередей."
813,0,"Машинка очень компактная, но вместительная, как раз то, что мы искали. Пользоваться ей удобно, очень нравится, что дверца большая в диаметре, загружать и доставать белье очень комфортно."
814,0,"С этой книги у меня началась любовь к чтению. Мне было такое удовольствие читать, что просто не вообразить."
815,0,Очень хорошо охлаждает.
816,0,"Доктор умеет общаться с детьми, коммуникабельная, понравилось, как провела осмотр, расписала лечение. Лечение прошли уже полностью. Выбрала эту клинику в интернете, по рейтингу посмотрела. Администратор встретил замечательно. Чистота в клинике соблюдается."
817,0,Только пьяный охранник развеселил
818,0,Отличное средство но я ничего не понял
819,0,"Если кликнуть на кнопку заказ, то ни убрать товар из корзины, ни отменить заказ сайт не даст. А если вы не выкупите ненужный товар с вас снимут 100 р, даже если это мелочь весом 50 г."
820,0,"В клинку обратился за консультацией, интересовал вопрос носки брекетов, врач общался со мной нормально, был вежлив, приветлив, нареканий в общении со специалистом у меня не возникло. На приёме чувствовал себя нормально, рабочее место специалиста в отличном состоянии. На респешен встретили хорошо, чек и договор предоставили."
821,0,"В мае посетила вашу студию. Обстановка действительно уютная .А что касается мастеров, большой вопрос. Мастер так рьяно делала мне маникюр, что в последствии мне пришлось посещать хирурга. На мои замечания во время процедуры, она заявила, что у меня много кожи. Дорогие дамы 300 раз подумайте прежде чем посещать столь уютное место."
822,0,"Отель превосходный и я не пожалел что тут остановился, ведь вы сами можете убедится в том что тут самые низкие цены, да и качество обслуживания находится на самом лучшем уровне."
823,0,"Маленький, красивый, удобный"
824,0,Отвратительный косметолог! Ленивая!
825,0,"такого грубого общения я еще не встречала, администратора не научили нормально разговаривать, при посещении салона всю информацию приходилось выпытывать, больше в этот салон не приду и никому не советую!!!!!!!"
826,0,"В целом - хорошо кормят, чисто, официанты стараются. Но подача некоторых блюд простовата ( и не соответствует фото в меню), где-то чуть переигрывает официант, что-то отсутствует в меню… И вот эти детали не позволяют мне поставить «отлично». Рекомендую на горячее «Телец и перец»"
827,0,"Без всяких условий после получения мной заказа через полтора часа сняли с карты 100р, вероятно, за мнимый возврат. Но я не возвращал, товар у меня."
828,0,"Откройте, пожалуйста дверь в женский туалет на третьем этаже, я тут с сентября сижу"
829,0,"Хорошая гостиница с отличным сервисом, я довольна тем, что выбрала именно ее, когда была в Питере в командировке. Здесь и номера не дорогие, но очень хорошие и просторные. Обслуживание очень понравилось, с этим полный порядок. Расположение хочу отметить, легко добраться куда угодно."
830,0,"Когда начались проблемы, менеджер перестала видеть наши письма и брать трубку.Заказал плитку. Договаривались о доставке в субботу. В субботу мне сказали, что машина не смогла увезти мою плитку из-за веса."
831,0,Очень быстро и качественно сушит волосы. 
832,0,"В клинике я была первый раз. У меня отошёл мост и мне его посадили обратно. Посещала ортопеда. Доктор сначала пришёл, посмотрел, сказал рекомендации и сделал своё дело. Я довольна. Всё было чистенько, аккуратненько. Врач и медсестра были вежливы."
833,0,"Отель идеальный и я не пожалел что остановился именно тут, а ведь мне до этого пришлось по многим сайтам пройтись и посмотреть не один ресурс что бы не ошибиться своим решением."
834,0,Валик реально моет полы. 
835,1,"Мощный, стильный дизайн, несколько режимов работы. "
836,0,Неплохой телевизор
837,0,"Часто приходится останавливаться в этом городе, поэтому искала для себя вариант с остановкой в отеле на все времена и случаи, хотелось комфорта, и не менять ничего со временем, чтобы удобно было. Здесь все нашла, отличное расположение, нет нареканий, добраться можно в любую точку города."
838,0,Места в первом ряду дорогие
839,0,Почему я должна ждать
840,0,"очереди на выдаче, невнимательные продавцы (пришлось самой за ними бегать)."
841,0,"Я остался доволен обслуживанием в этом центре. Услуги предоставляют оперативно и своевременно, сотрудники общаются любезно. Соотношение цены и качества хорошее здесь."
842,1,устарел
843,0,"Я первый раз обратилась в эту клинику за справкой. Мне понравилось оперативное обслуживание, все сделали очень быстро. Справку получила на следующий день без задержек."
844,0,"Стоимость не соответствует качеству. За миникюр (покрытие гель лак) и педикюр с обычным лаком отдала 4500. Маникюр сделать не качественно, есть затеки и не прокрашенные места. За такую цену явно качество должно быть выше."
845,0,В наличии нет ничего! То есть даже на складе нет ничего! Что это за склад и зачем он нужен не очень понятно. Доставка на склад через 5 дней!
846,0,Покойному Деду не понравилось передал он мне телепатически
847,0,"Мне нравится, что быстро флюорографию сделали. Нравится обслуживание, очень все вежливые, очень всё быстро делают, нет очередей."
848,0,Камера ок
849,0,"Очень понравилось качество работы доктора, оперативность, профессионализм. Доктор приятная в общении, вежливая. До удаления она все объясняет и после назначает необходимые препараты. Я пришла к своему времени и мне не пришлось ждать."
850,0,Отдельные части пылесоса позволяют удобно использовать. 
851,1,один наушник стал разряжается спустя минут 10-15
852,1,"Пара самолётов и зениток, ничего необычного"
853,1,"Если кликнуть на кнопку заказ, то ни убрать товар из корзины, ни отменить заказ сайт не даст. А если вы не выкупите ненужный товар с вас снимут 100 р, даже если это мелочь весом 50 г."
854,1,"Когда начались проблемы, менеджер перестала видеть наши письма и брать трубку.Заказал плитку. Договаривались о доставке в субботу. В субботу мне сказали, что машина не смогла увезти мою плитку из-за веса."
855,1,Красивая модель с несколькими насадками и режимами работы. Привезли в красивой упаковке. Выбирал в подарок супруге. Первые впечатления отличные! 
856,0,"Безусловно, рядовые сотрудники на месте работают в предалах своих полномочий, и хорошо работают, однако в целом работа компании выглядит просто как мошенничество."
857,0,"В клинике я был на осмотре у врача-стоматолога, которая провела мне консультацию и назначила дальнейшее обследование, всё было супер. Она направила сделать рентген зубов, потом всё рассказала досконально, показала это на моих рентгеновских снимках. Обслуживание понравилось, доктор молодец!"
858,1,Большой выбор
859,1,Памятник советской эпохи в центре города
860,0,Картинка не понравилась
861,0,Яркий и чëткий экран.
862,1,"Доктор умеет общаться с детьми, коммуникабельная, понравилось, как провела осмотр, расписала лечение. Лечение прошли уже полностью. Выбрала эту клинику в интернете, по рейтингу посмотрела. Администратор встретил замечательно. Чистота в клинике соблюдается."
863,1,"Мастер педикюра Анастасия при проведении аппаратного педикюра изранила ногу, затем накричала на меня, сказав, что я больная и без справки она меня обслуживать не будет. Попросила жалобную книгу — пришло аж 3 администратора, 20мин ищут одну жалобную книгу.
Проросила документы на обучение Анастасии и ее мед книжку. Тоже не несут."
864,0,Работает тихо.
865,0,Сервис никакой. Воды горячей не было. В помещении парилки на полоках торчат гвозди. Плохо проводится уборка. Отношение персонала наплевательское.
866,0,"Данная кочерыжка взорвала мой комп, слава богу не весь"
867,1,"В этой стоматологии была первый раз. У меня разболелся зуб, поэтому выбрала ту, что находится недалеко от дома. Все прошло идеально. Доктор осмотрел полость рта, вылечил больной зуб, дал рекомендации по правильному уходу и также подсказал, какие еще зубки следует подлечить."
868,0,"очереди на выдаче, невнимательные продавцы (пришлось самой за ними бегать)."
869,0,"Сломался на второй день эксплуатации, перестал видеть сим-карту."
870,1,Жена рада. 
871,0,"В разы участились случаи продажи бракованых товаров, и товаров не в полной комплектации. Причём списывают деньги с клиентов даже за возврат таких товаров."
